date,EventProcessedUtcTime,PartitionId,EventEnqueuedUtcTime,metadata_deviceType,metadata_studentId,metadata_uid,telemetry_temperature,telemetry_pressure,telemetry_humidity,telemetry_windSpeed,telemetry_windDirection,IoTHub_ConnectionDeviceId
2019-07-15T00:00:00.0000000,2019-07-15T17:46:32.9772598Z,1,2019-07-15T17:46:32.9670000Z,WeatherStation,06319a2e,85DB4F866C21CC85,29.89999962,1017.942383,41.70000076,23.80001831,310,CWF-MX-001
2019-07-15T00:00:00.0000000,2019-07-15T17:46:43.1534046Z,1,2019-07-15T17:46:43.1000000Z,WeatherStation,06319a2e,A12B06DC012DE8F3,29.89999962,1017.859375,41.59999847,23.80001831,311,CWF-MX-001
2019-07-15T00:00:00.0000000,2019-07-15T17:46:53.3329678Z,1,2019-07-15T17:46:53.2110000Z,WeatherStation,06319a2e,65FA3D1535B73819,30,1017.894043,41.70000076,23.80001831,308,CWF-MX-001
2019-07-15T00:00:00.0000000,2019-07-15T17:47:03.4170461Z,1,2019-07-15T17:47:03.3370000Z,WeatherStation,06319a2e,7662EDA30A5E718F,30,1017.866211,41.70000076,23.80001831,310,CWF-MX-001
2019-07-15T00:00:00.0000000,2019-07-15T17:47:13.5870445Z,1,2019-07-15T17:47:13.4630000Z,WeatherStation,06319a2e,7F5F2FC2C0378008,30,1017.92334,41.70000076,23.80001831,311,CWF-MX-001
2019-07-15T00:00:00.0000000,2019-07-15T17:47:23.6759393Z,1,2019-07-15T17:47:23.5900000Z,WeatherStation,06319a2e,F5AF69E151081BC4,30,1017.874268,41.5,23.80001831,309,CWF-MX-001
2019-07-15T00:00:00.0000000,2019-07-15T17:47:33.7487367Z,1,2019-07-15T17:47:33.7340000Z,WeatherStation,06319a2e,7662EDA30A5E718F,30,1017.886719,41.70000076,23.80001831,310,CWF-MX-001
2019-07-15T00:00:00.0000000,2019-07-15T17:47:43.8984885Z,1,2019-07-15T17:47:43.8450000Z,WeatherStation,06319a2e,7662EDA30A5E718F,30,1017.870117,41.70000076,23.80001831,310,CWF-MX-001
2019-07-15T00:00:00.0000000,2019-07-15T17:47:54.0789682Z,1,2019-07-15T17:47:53.9730000Z,WeatherStation,06319a2e,2912D88511B82F3C,30.10000038,1017.864746,41.70000076,23.80001831,310,CWF-MX-001
2019-07-15T00:00:00.0000000,2019-07-15T17:48:04.1435178Z,1,2019-07-15T17:48:04.1140000Z,WeatherStation,06319a2e,F724EF21F0E8B419,30.10000038,1017.875488,41.59999847,23.80001831,308,CWF-MX-001
2019-07-15T00:00:00.0000000,2019-07-15T17:48:14.3263706Z,1,2019-07-15T17:48:14.2260000Z,WeatherStation,06319a2e,7662EDA30A5E718F,30,1017.924072,41.5,23.80001831,310,CWF-MX-001
2019-07-15T00:00:00.0000000,2019-07-15T17:48:24.3836227Z,1,2019-07-15T17:48:24.3530000Z,WeatherStation,06319a2e,F5AF69E151081BC4,30,1017.915039,41.79999924,23.80001831,309,CWF-MX-001
2019-07-15T00:00:00.0000000,2019-07-15T17:48:34.5821728Z,1,2019-07-15T17:48:34.4950000Z,WeatherStation,06319a2e,F724EF21F0E8B419,30.10000038,1017.886963,41.5,23.80001831,308,CWF-MX-001
2019-07-15T00:00:00.0000000,2019-07-15T17:48:44.6892566Z,1,2019-07-15T17:48:44.6080000Z,WeatherStation,06319a2e,F5AF69E151081BC4,30,1017.871826,41.59999847,23.80001831,309,CWF-MX-001
2019-07-15T00:00:00.0000000,2019-07-15T17:48:54.7705566Z,1,2019-07-15T17:48:54.7490000Z,WeatherStation,06319a2e,59FB1A25ECEB82F9,30.10000038,1017.895996,41.59999847,23.80001831,309,CWF-MX-001
2019-07-15T00:00:00.0000000,2019-07-15T17:49:04.9559851Z,1,2019-07-15T17:49:04.8690000Z,WeatherStation,06319a2e,7662EDA30A5E718F,30,1017.840576,41.40000153,23.80001831,310,CWF-MX-001
2019-07-15T00:00:00.0000000,2019-07-15T17:49:15.0586825Z,1,2019-07-15T17:49:14.9990000Z,WeatherStation,06319a2e,7662EDA30A5E718F,30,1017.882324,41.5,23.80001831,310,CWF-MX-001
2019-07-15T00:00:00.0000000,2019-07-15T17:49:25.2438375Z,1,2019-07-15T17:49:25.1250000Z,WeatherStation,06319a2e,7662EDA30A5E718F,30,1017.905273,41.59999847,23.80001831,310,CWF-MX-001
2019-07-15T00:00:00.0000000,2019-07-15T17:49:35.3160237Z,1,2019-07-15T17:49:35.2540000Z,WeatherStation,06319a2e,F5AF69E151081BC4,30,1017.905762,41.59999847,23.80001831,309,CWF-MX-001
2019-07-15T00:00:00.0000000,2019-07-15T17:49:45.4208777Z,1,2019-07-15T17:49:45.3810000Z,WeatherStation,06319a2e,B32A38430BFB4C0A,30,1017.881592,41.70000076,21.60000992,309,CWF-MX-001
2019-07-15T00:00:00.0000000,2019-07-15T17:49:55.6484802Z,1,2019-07-15T17:49:55.5370000Z,WeatherStation,06319a2e,78700AE04E6130FF,30,1017.901123,42.09999847,17.59999466,310,CWF-MX-001
2019-07-15T00:00:00.0000000,2019-07-15T17:50:05.7168196Z,1,2019-07-15T17:50:05.6360000Z,WeatherStation,06319a2e,36959442D8A933AF,30,1017.92334,41.79999924,17.59999466,309,CWF-MX-001
2019-07-15T00:00:00.0000000,2019-07-15T17:50:25.8703046Z,1,2019-07-15T17:50:25.8220000Z,WeatherStation,06319a2e,7006EA1D542199ED,30,1017.883545,42.20000076,17.59999466,311,CWF-MX-001
2019-07-15T00:00:00.0000000,2019-07-15T17:50:46.1271241Z,1,2019-07-15T17:50:46.0300000Z,WeatherStation,06319a2e,78700AE04E6130FF,30,1017.870117,42.20000076,17.59999466,310,CWF-MX-001
2019-07-15T00:00:00.0000000,2019-07-15T17:51:06.2670337Z,1,2019-07-15T17:51:06.2240000Z,WeatherStation,06319a2e,36959442D8A933AF,30,1017.876221,42.09999847,17.59999466,309,CWF-MX-001
2019-07-15T00:00:00.0000000,2019-07-15T17:51:26.5053362Z,1,2019-07-15T17:51:26.4150000Z,WeatherStation,06319a2e,A84DEE2AB7DA9862,30,1017.873291,42.5,14.99999046,314,CWF-MX-001
2019-07-15T00:00:00.0000000,2019-07-15T17:51:46.6878168Z,1,2019-07-15T17:51:46.6240000Z,WeatherStation,06319a2e,3B2FF4ABEFD2C26F,30.10000038,1017.856934,42.59999847,9.399995804,308,CWF-MX-001
2019-07-15T00:00:00.0000000,2019-07-15T17:52:16.8448195Z,1,2019-07-15T17:52:16.7380000Z,WeatherStation,06319a2e,CFEA7E00851E90E7,30.10000038,1017.870605,42.70000076,19.20000076,310,CWF-MX-001
2019-07-15T00:00:00.0000000,2019-07-15T17:52:46.8910409Z,1,2019-07-15T17:52:46.8550000Z,WeatherStation,06319a2e,CB716363C93581C0,30.10000038,1017.914551,41.79999924,19.20000076,311,CWF-MX-001
2019-07-15T00:00:00.0000000,2019-07-15T17:53:07.1232264Z,1,2019-07-15T17:53:07.0480000Z,WeatherStation,06319a2e,D7B8A860B37938AE,30.20000076,1017.853516,42.59999847,21.80001068,309,CWF-MX-001
2019-07-15T00:00:00.0000000,2019-07-15T17:53:27.2853936Z,1,2019-07-15T17:53:27.2530000Z,WeatherStation,06319a2e,436C0DA937F25477,30.20000076,1017.876221,41.79999924,21.80001068,311,CWF-MX-001
2019-07-15T00:00:00.0000000,2019-07-15T17:53:37.4284956Z,1,2019-07-15T17:53:37.3800000Z,WeatherStation,06319a2e,960B12CA1BCB63C0,30.20000076,1017.862061,41.70000076,21.80001068,310,CWF-MX-001
2019-07-15T00:00:00.0000000,2019-07-15T17:53:47.5777719Z,1,2019-07-15T17:53:47.5090000Z,WeatherStation,06319a2e,956F5C4D1C89A902,30.20000076,1017.855225,41.70000076,21.80001068,313,CWF-MX-001
2019-07-15T00:00:00.0000000,2019-07-15T17:53:57.7456660Z,1,2019-07-15T17:53:57.6370000Z,WeatherStation,06319a2e,960B12CA1BCB63C0,30.20000076,1017.844238,41.59999847,21.80001068,310,CWF-MX-001
2019-07-15T00:00:00.0000000,2019-07-15T17:54:07.8137626Z,1,2019-07-15T17:54:07.7620000Z,WeatherStation,06319a2e,436C0DA937F25477,30.20000076,1017.915283,41.5,21.80001068,311,CWF-MX-001
2019-07-15T00:00:00.0000000,2019-07-15T17:54:17.9607203Z,1,2019-07-15T17:54:17.8900000Z,WeatherStation,06319a2e,3FDEA7D802DDEE55,30.10000038,1017.881592,41.59999847,21.80001068,311,CWF-MX-001
2019-07-15T00:00:00.0000000,2019-07-15T17:54:28.3602846Z,1,2019-07-15T17:54:28.3140000Z,WeatherStation,06319a2e,960B12CA1BCB63C0,30.20000076,1017.887695,41.59999847,21.80001068,310,CWF-MX-001
2019-07-15T00:00:00.0000000,2019-07-15T17:54:38.5407495Z,1,2019-07-15T17:54:38.4460000Z,WeatherStation,06319a2e,436C0DA937F25477,30.20000076,1017.878662,41.70000076,21.80001068,311,CWF-MX-001
2019-07-15T00:00:00.0000000,2019-07-15T17:54:48.6398251Z,1,2019-07-15T17:54:48.5760000Z,WeatherStation,06319a2e,3FDEA7D802DDEE55,30.10000038,1017.856934,41.5,21.80001068,311,CWF-MX-001
2019-07-15T00:00:00.0000000,2019-07-15T17:54:58.7914710Z,1,2019-07-15T17:54:58.7030000Z,WeatherStation,06319a2e,3FDEA7D802DDEE55,30.10000038,1017.887695,41.70000076,21.80001068,311,CWF-MX-001
2019-07-15T00:00:00.0000000,2019-07-15T17:55:08.9381185Z,1,2019-07-15T17:55:08.8330000Z,WeatherStation,06319a2e,E8E5F85CA371E509,30.10000038,1017.869629,41.59999847,21.80001068,310,CWF-MX-001
2019-07-15T00:00:00.0000000,2019-07-15T17:55:19.3358813Z,1,2019-07-15T17:55:19.3050000Z,WeatherStation,06319a2e,E8E5F85CA371E509,30.10000038,1017.903564,41.79999924,21.80001068,310,CWF-MX-001
2019-07-15T00:00:00.0000000,2019-07-15T17:55:29.5142020Z,1,2019-07-15T17:55:29.4930000Z,WeatherStation,06319a2e,E8E5F85CA371E509,30.10000038,1017.824707,41.70000076,21.80001068,310,CWF-MX-001
2019-07-15T00:00:00.0000000,2019-07-15T17:55:39.6533355Z,1,2019-07-15T17:55:39.6200000Z,WeatherStation,06319a2e,3565BDB82DBF0B06,30.20000076,1017.895264,42,18.39999771,310,CWF-MX-001
2019-07-15T00:00:00.0000000,2019-07-15T17:55:49.8623165Z,1,2019-07-15T17:55:49.7460000Z,WeatherStation,06319a2e,22C95A3E029011CB,30.20000076,1017.848877,41.90000153,18.39999771,308,CWF-MX-001
2019-07-15T00:00:00.0000000,2019-07-15T17:56:10.0242374Z,1,2019-07-15T17:56:09.9380000Z,WeatherStation,06319a2e,E99BB3AC14CE9E32,30.20000076,1017.919434,41.70000076,18.39999771,309,CWF-MX-001
2019-07-15T00:00:00.0000000,2019-07-15T17:56:30.2024042Z,1,2019-07-15T17:56:30.1280000Z,WeatherStation,06319a2e,03B14CA1D89C8CA1,30.10000038,1017.887939,41.70000076,18.39999771,310,CWF-MX-001
2019-07-15T00:00:00.0000000,2019-07-15T17:56:50.3479977Z,1,2019-07-15T17:56:50.3350000Z,WeatherStation,06319a2e,03B14CA1D89C8CA1,30.10000038,1017.896729,41.90000153,18.39999771,310,CWF-MX-001
2019-07-15T00:00:00.0000000,2019-07-15T17:57:10.6317676Z,1,2019-07-15T17:57:10.5280000Z,WeatherStation,06319a2e,03B14CA1D89C8CA1,30.10000038,1017.912598,42.09999847,18.39999771,310,CWF-MX-001
2019-07-15T00:00:00.0000000,2019-07-15T17:57:30.8017943Z,1,2019-07-15T17:57:30.7330000Z,WeatherStation,06319a2e,3565BDB82DBF0B06,30.20000076,1017.834717,41.79999924,18.39999771,310,CWF-MX-001
2019-07-15T00:00:00.0000000,2019-07-15T17:57:50.9929736Z,1,2019-07-15T17:57:50.9260000Z,WeatherStation,06319a2e,E99BB3AC14CE9E32,30.20000076,1017.858398,42.09999847,18.39999771,309,CWF-MX-001
2019-07-15T00:00:00.0000000,2019-07-15T17:58:11.2202252Z,1,2019-07-15T17:58:11.1220000Z,WeatherStation,06319a2e,3565BDB82DBF0B06,30.20000076,1017.921631,42,18.39999771,310,CWF-MX-001
2019-07-15T00:00:00.0000000,2019-07-15T17:58:31.3890064Z,1,2019-07-15T17:58:31.3260000Z,WeatherStation,06319a2e,BBB9436386F27D60,30.10000038,1017.835938,42.40000153,22.00001144,311,CWF-MX-001
2019-07-15T00:00:00.0000000,2019-07-15T17:58:51.5483176Z,1,2019-07-15T17:58:51.5190000Z,WeatherStation,06319a2e,8D484146C3A830ED,30.20000076,1017.872559,42,22.00001144,309,CWF-MX-001
2019-07-15T00:00:00.0000000,2019-07-15T17:59:01.7308729Z,1,2019-07-15T17:59:01.6460000Z,WeatherStation,06319a2e,8D484146C3A830ED,30.20000076,1017.859375,41.79999924,22.00001144,309,CWF-MX-001
2019-07-15T00:00:00.0000000,2019-07-15T17:59:11.8955331Z,1,2019-07-15T17:59:11.8030000Z,WeatherStation,06319a2e,8D484146C3A830ED,30.20000076,1017.861328,41.79999924,22.00001144,309,CWF-MX-001
2019-07-15T00:00:00.0000000,2019-07-15T17:59:21.9812309Z,1,2019-07-15T17:59:21.8980000Z,WeatherStation,06319a2e,8D484146C3A830ED,30.20000076,1017.853027,41.79999924,22.00001144,309,CWF-MX-001
2019-07-15T00:00:00.0000000,2019-07-15T17:59:32.1473253Z,1,2019-07-15T17:59:32.0290000Z,WeatherStation,06319a2e,62A6EB4C4C184F2E,30.20000076,1017.836182,41.59999847,22.00001144,310,CWF-MX-001
2019-07-15T00:00:00.0000000,2019-07-15T17:59:42.2041276Z,1,2019-07-15T17:59:42.1540000Z,WeatherStation,06319a2e,D2FC6E65BCF3944F,30.20000076,1017.869629,42.29999924,20.6000061,315,CWF-MX-001
2019-07-15T00:00:00.0000000,2019-07-15T17:59:52.3508432Z,1,2019-07-15T17:59:52.2800000Z,WeatherStation,06319a2e,1C033EF91ED9DBE7,30.20000076,1017.904297,42.29999924,18.19999695,311,CWF-MX-001
2019-07-15T00:00:00.0000000,2019-07-15T18:00:02.5239176Z,1,2019-07-15T18:00:02.4080000Z,WeatherStation,06319a2e,323F1E5AE3EFC775,30.20000076,1017.896973,42.20000076,18.19999695,310,CWF-MX-001
2019-07-15T00:00:00.0000000,2019-07-15T18:00:22.7336612Z,1,2019-07-15T18:00:22.6050000Z,WeatherStation,06319a2e,323F1E5AE3EFC775,30.20000076,1017.84375,41.79999924,18.19999695,310,CWF-MX-001
2019-07-15T00:00:00.0000000,2019-07-15T18:00:42.9374305Z,1,2019-07-15T18:00:42.8140000Z,WeatherStation,06319a2e,3E5EB5CB44362BA4,30.29999924,1017.837646,42,18.19999695,309,CWF-MX-001
2019-07-15T00:00:00.0000000,2019-07-15T18:01:03.0207737Z,1,2019-07-15T18:01:02.9970000Z,WeatherStation,06319a2e,ACAA43ECE2B89839,30.39999962,1017.848145,43.79999924,24.00001907,308,CWF-MX-001
2019-07-15T00:00:00.0000000,2019-07-15T18:01:23.3282844Z,1,2019-07-15T18:01:23.2060000Z,WeatherStation,06319a2e,817A8E79F31BC5B1,30.39999962,1017.882324,44.40000153,50,309,CWF-MX-001
2019-07-15T00:00:00.0000000,2019-07-15T18:01:33.4223658Z,1,2019-07-15T18:01:33.3470000Z,WeatherStation,06319a2e,61F49F41B1E17D54,30.29999924,1017.829102,43.59999847,50,310,CWF-MX-001
2019-07-15T00:00:00.0000000,2019-07-15T18:01:43.5370670Z,1,2019-07-15T18:01:43.4590000Z,WeatherStation,06319a2e,2485C6BCDDA9F4FB,30.29999924,1017.904541,42.70000076,50,311,CWF-MX-001
2019-07-15T00:00:00.0000000,2019-07-15T18:01:53.7179638Z,1,2019-07-15T18:01:53.5850000Z,WeatherStation,06319a2e,81F9BF58DC6F3A0D,30.39999962,1017.857178,42.20000076,50,311,CWF-MX-001
2019-07-15T00:00:00.0000000,2019-07-15T18:02:03.8217756Z,1,2019-07-15T18:02:03.7110000Z,WeatherStation,06319a2e,03C1DCD62DFA89A3,30.39999962,1017.883057,42.20000076,47.39999008,311,CWF-MX-001
2019-07-15T00:00:00.0000000,2019-07-15T18:02:13.9202375Z,1,2019-07-15T18:02:13.8360000Z,WeatherStation,06319a2e,068060D5B585B733,30.39999962,1017.828125,42.20000076,47.39999008,308,CWF-MX-001
2019-07-15T00:00:00.0000000,2019-07-15T18:02:24.0184647Z,1,2019-07-15T18:02:23.9620000Z,WeatherStation,06319a2e,D3E49E59E59AA7AA,30.29999924,1017.84082,41.90000153,47.39999008,309,CWF-MX-001
2019-07-15T00:00:00.0000000,2019-07-15T18:02:34.2440938Z,1,2019-07-15T18:02:34.1040000Z,WeatherStation,06319a2e,D972F9A5B4B35D97,30.29999924,1017.854492,41.79999924,47.39999008,310,CWF-MX-001
2019-07-15T00:00:00.0000000,2019-07-15T18:02:44.3454352Z,1,2019-07-15T18:02:44.2170000Z,WeatherStation,06319a2e,A1B5425ED1CAA22D,30.29999924,1017.856689,42.5,50,309,CWF-MX-001
2019-07-15T00:00:00.0000000,2019-07-15T18:02:54.4273458Z,1,2019-07-15T18:02:54.3500000Z,WeatherStation,06319a2e,A1B5425ED1CAA22D,30.29999924,1017.876709,41.90000153,50,309,CWF-MX-001
2019-07-15T00:00:00.0000000,2019-07-15T18:03:04.6140440Z,1,2019-07-15T18:03:04.4800000Z,WeatherStation,06319a2e,2485C6BCDDA9F4FB,30.29999924,1017.827393,41.79999924,50,311,CWF-MX-001
2019-07-15T00:00:00.0000000,2019-07-15T18:03:14.7055745Z,1,2019-07-15T18:03:14.6080000Z,WeatherStation,06319a2e,A1B5425ED1CAA22D,30.29999924,1017.876953,41.79999924,50,309,CWF-MX-001
2019-07-15T00:00:00.0000000,2019-07-15T18:03:24.7860327Z,1,2019-07-15T18:03:24.7340000Z,WeatherStation,06319a2e,B517492B7DAC141E,30.29999924,1017.856445,41.70000076,50,312,CWF-MX-001
2019-07-15T00:00:00.0000000,2019-07-15T18:03:34.9608384Z,1,2019-07-15T18:03:34.8600000Z,WeatherStation,06319a2e,61F49F41B1E17D54,30.29999924,1017.884521,41.79999924,50,310,CWF-MX-001
2019-07-15T00:00:00.0000000,2019-07-15T18:03:45.0432898Z,1,2019-07-15T18:03:44.9860000Z,WeatherStation,06319a2e,61F49F41B1E17D54,30.29999924,1017.893799,41.79999924,50,310,CWF-MX-001
2019-07-15T00:00:00.0000000,2019-07-15T18:03:55.2375575Z,1,2019-07-15T18:03:55.1130000Z,WeatherStation,06319a2e,A1B5425ED1CAA22D,30.29999924,1017.898926,41.90000153,50,309,CWF-MX-001
2019-07-15T00:00:00.0000000,2019-07-15T18:04:05.3183500Z,1,2019-07-15T18:04:05.2260000Z,WeatherStation,06319a2e,61F49F41B1E17D54,30.29999924,1017.889893,42.09999847,50,310,CWF-MX-001
2019-07-15T00:00:00.0000000,2019-07-15T18:04:15.3971961Z,1,2019-07-15T18:04:15.3530000Z,WeatherStation,06319a2e,2485C6BCDDA9F4FB,30.29999924,1017.882324,42,50,311,CWF-MX-001
2019-07-15T00:00:00.0000000,2019-07-15T18:04:25.6184828Z,1,2019-07-15T18:04:25.4880000Z,WeatherStation,06319a2e,890F8D282DD53340,30.20000076,1017.85791,42,50,308,CWF-MX-001
2019-07-15T00:00:00.0000000,2019-07-15T18:04:35.6829131Z,1,2019-07-15T18:04:35.6170000Z,WeatherStation,06319a2e,F258AE908D2936F9,30.20000076,1017.891113,42.29999924,50,311,CWF-MX-001
2019-07-15T00:00:00.0000000,2019-07-15T18:04:45.8719258Z,1,2019-07-15T18:04:45.7430000Z,WeatherStation,06319a2e,3316251DB70E3DC7,30.20000076,1017.866455,42.90000153,47.99999237,309,CWF-MX-001
2019-07-15T00:00:00.0000000,2019-07-15T18:04:55.9205921Z,1,2019-07-15T18:04:55.8700000Z,WeatherStation,06319a2e,0F3C548E9BAB60F0,30.20000076,1017.872559,42.29999924,47.99999237,311,CWF-MX-001
2019-07-15T00:00:00.0000000,2019-07-15T18:05:06.0139969Z,1,2019-07-15T18:05:05.9980000Z,WeatherStation,06319a2e,0A5E80C153BAFC8B,30.20000076,1017.849365,42.29999924,47.19998932,314,CWF-MX-001
2019-07-15T00:00:00.0000000,2019-07-15T18:05:16.2039895Z,1,2019-07-15T18:05:16.1250000Z,WeatherStation,06319a2e,976E6203B0F8E14B,30.29999924,1017.863525,42.20000076,39.79996109,309,CWF-MX-001
2019-07-15T00:00:00.0000000,2019-07-15T18:05:26.3155432Z,1,2019-07-15T18:05:26.2510000Z,WeatherStation,06319a2e,DE576043565F1A25,30.29999924,1017.844238,42,39.99996185,311,CWF-MX-001
2019-07-15T00:00:00.0000000,2019-07-15T18:05:36.4953855Z,1,2019-07-15T18:05:36.3790000Z,WeatherStation,06319a2e,DE576043565F1A25,30.29999924,1017.879639,41.90000153,39.99996185,311,CWF-MX-001
2019-07-15T00:00:00.0000000,2019-07-15T18:05:46.5777097Z,1,2019-07-15T18:05:46.5040000Z,WeatherStation,06319a2e,A2D761D1AE1D1AC0,30.39999962,1017.820068,42.29999924,33.39993668,313,CWF-MX-001
2019-07-15T00:00:00.0000000,2019-07-15T18:05:56.6915720Z,1,2019-07-15T18:05:56.6330000Z,WeatherStation,06319a2e,8DB664A6862B5D34,30.39999962,1017.874023,42.09999847,30.59992599,313,CWF-MX-001
2019-07-15T00:00:00.0000000,2019-07-15T18:06:06.8786762Z,1,2019-07-15T18:06:06.7580000Z,WeatherStation,06319a2e,ED4FB1976B2DB7E2,30.39999962,1017.898926,42.09999847,29.99992371,310,CWF-MX-001
2019-07-15T00:00:00.0000000,2019-07-15T18:06:16.9634047Z,1,2019-07-15T18:06:16.8840000Z,WeatherStation,06319a2e,C29964ED7E2692A0,30.39999962,1017.831787,41.90000153,29.99992371,311,CWF-MX-001
2019-07-15T00:00:00.0000000,2019-07-15T18:06:27.0466476Z,1,2019-07-15T18:06:27.0100000Z,WeatherStation,06319a2e,ED4FB1976B2DB7E2,30.39999962,1017.870117,41.70000076,29.99992371,310,CWF-MX-001
2019-07-15T00:00:00.0000000,2019-07-15T18:06:37.2543830Z,1,2019-07-15T18:06:37.1360000Z,WeatherStation,06319a2e,ED4FB1976B2DB7E2,30.39999962,1017.880127,41.79999924,29.99992371,310,CWF-MX-001
2019-07-15T00:00:00.0000000,2019-07-15T18:06:47.3354384Z,1,2019-07-15T18:06:47.2620000Z,WeatherStation,06319a2e,C29964ED7E2692A0,30.39999962,1017.902832,41.59999847,29.99992371,311,CWF-MX-001
2019-07-15T00:00:00.0000000,2019-07-15T18:06:57.4350807Z,1,2019-07-15T18:06:57.3890000Z,WeatherStation,06319a2e,C6C46744B85A061E,30.5,1017.92041,43.20000076,39.79996109,309,CWF-MX-001
2019-07-15T00:00:00.0000000,2019-07-15T18:07:07.5652493Z,1,2019-07-15T18:07:07.5240000Z,WeatherStation,06319a2e,16B2E9282BAD0787,30.39999962,1017.945557,42.90000153,39.99996185,311,CWF-MX-001
2019-07-15T00:00:00.0000000,2019-07-15T18:07:17.6933599Z,1,2019-07-15T18:07:17.6540000Z,WeatherStation,06319a2e,77EF61AFFA0A605E,30.39999962,1017.886719,42.20000076,39.99996185,310,CWF-MX-001
2019-07-15T00:00:00.0000000,2019-07-15T18:07:27.9021371Z,1,2019-07-15T18:07:27.7650000Z,WeatherStation,06319a2e,86FCB8486F9E3727,30.39999962,1017.831787,41.90000153,39.99996185,309,CWF-MX-001
2019-07-15T00:00:00.0000000,2019-07-15T18:07:38.0041551Z,1,2019-07-15T18:07:37.8990000Z,WeatherStation,06319a2e,ABBF649986CF1CA8,30.39999962,1017.906982,41.79999924,39.99996185,308,CWF-MX-001
2019-07-15T00:00:00.0000000,2019-07-15T18:07:48.0852221Z,1,2019-07-15T18:07:48.0270000Z,WeatherStation,06319a2e,2799C88E2A160743,30.29999924,1017.868652,41.79999924,39.99996185,310,CWF-MX-001
2019-07-15T00:00:00.0000000,2019-07-15T18:07:58.3521737Z,1,2019-07-15T18:07:58.2310000Z,WeatherStation,06319a2e,2799C88E2A160743,30.29999924,1017.85498,41.90000153,39.99996185,310,CWF-MX-001
2019-07-15T00:00:00.0000000,2019-07-15T18:08:08.4320663Z,1,2019-07-15T18:08:08.3800000Z,WeatherStation,06319a2e,2799C88E2A160743,30.29999924,1017.901123,41.79999924,39.99996185,310,CWF-MX-001
2019-07-15T00:00:00.0000000,2019-07-15T18:08:18.6189099Z,1,2019-07-15T18:08:18.5070000Z,WeatherStation,06319a2e,335441ED3DBFE0CB,30.29999924,1017.88208,41.79999924,39.99996185,309,CWF-MX-001
2019-07-15T00:00:00.0000000,2019-07-15T18:08:28.7124763Z,1,2019-07-15T18:08:28.6330000Z,WeatherStation,06319a2e,77EF61AFFA0A605E,30.39999962,1017.886963,41.70000076,39.99996185,310,CWF-MX-001
2019-07-15T00:00:00.0000000,2019-07-15T18:08:38.7936190Z,1,2019-07-15T18:08:38.7620000Z,WeatherStation,06319a2e,77EF61AFFA0A605E,30.39999962,1017.910645,41.90000153,39.99996185,310,CWF-MX-001
2019-07-15T00:00:00.0000000,2019-07-15T18:08:48.9970626Z,1,2019-07-15T18:08:48.8870000Z,WeatherStation,06319a2e,16B2E9282BAD0787,30.39999962,1017.870361,41.79999924,39.99996185,311,CWF-MX-001
2019-07-15T00:00:00.0000000,2019-07-15T18:08:59.0532674Z,1,2019-07-15T18:08:59.0140000Z,WeatherStation,06319a2e,77EF61AFFA0A605E,30.39999962,1017.870361,41.90000153,39.99996185,310,CWF-MX-001
2019-07-15T00:00:00.0000000,2019-07-15T18:09:09.2435002Z,1,2019-07-15T18:09:09.1400000Z,WeatherStation,06319a2e,86FCB8486F9E3727,30.39999962,1017.890381,41.90000153,39.99996185,309,CWF-MX-001
2019-07-15T00:00:00.0000000,2019-07-15T18:09:19.3989255Z,1,2019-07-15T18:09:19.2770000Z,WeatherStation,06319a2e,16B2E9282BAD0787,30.39999962,1017.863281,42,39.99996185,311,CWF-MX-001
2019-07-15T00:00:00.0000000,2019-07-15T18:09:29.4789698Z,1,2019-07-15T18:09:29.3880000Z,WeatherStation,06319a2e,77EF61AFFA0A605E,30.39999962,1017.894531,42,39.99996185,310,CWF-MX-001
2019-07-15T00:00:00.0000000,2019-07-15T18:09:39.5770974Z,1,2019-07-15T18:09:39.5300000Z,WeatherStation,06319a2e,ABBF649986CF1CA8,30.39999962,1017.897217,41.79999924,39.99996185,308,CWF-MX-001
2019-07-15T00:00:00.0000000,2019-07-15T18:09:49.6762595Z,1,2019-07-15T18:09:49.6400000Z,WeatherStation,06319a2e,77EF61AFFA0A605E,30.39999962,1017.93042,41.79999924,39.99996185,310,CWF-MX-001
2019-07-15T00:00:00.0000000,2019-07-15T18:09:59.8689250Z,1,2019-07-15T18:09:59.7660000Z,WeatherStation,06319a2e,16B2E9282BAD0787,30.39999962,1017.876465,41.79999924,39.99996185,311,CWF-MX-001
2019-07-15T00:00:00.0000000,2019-07-15T18:10:09.9374423Z,1,2019-07-15T18:10:09.9080000Z,WeatherStation,06319a2e,77EF61AFFA0A605E,30.39999962,1017.905518,42,39.99996185,310,CWF-MX-001
2019-07-15T00:00:00.0000000,2019-07-15T18:10:20.1170968Z,1,2019-07-15T18:10:20.0340000Z,WeatherStation,06319a2e,77EF61AFFA0A605E,30.39999962,1017.887695,42.09999847,39.99996185,310,CWF-MX-001
2019-07-15T00:00:00.0000000,2019-07-15T18:10:30.1899330Z,1,2019-07-15T18:10:30.1590000Z,WeatherStation,06319a2e,7F334BEA25E7CBE1,30.5,1017.922119,42.79999924,49.59999847,309,CWF-MX-001
2019-07-15T00:00:00.0000000,2019-07-15T18:10:40.3692588Z,1,2019-07-15T18:10:40.2850000Z,WeatherStation,06319a2e,81F9BF58DC6F3A0D,30.39999962,1017.920898,42.40000153,50,311,CWF-MX-001
2019-07-15T00:00:00.0000000,2019-07-15T18:10:50.4396839Z,1,2019-07-15T18:10:50.4100000Z,WeatherStation,06319a2e,FE68743391BDC838,30.5,1017.865234,42.29999924,50,309,CWF-MX-001
2019-07-15T00:00:00.0000000,2019-07-15T18:11:00.6208997Z,1,2019-07-15T18:11:00.5400000Z,WeatherStation,06319a2e,E6ECCDF222571B81,30.39999962,1017.914063,41.90000153,50,310,CWF-MX-001
2019-07-15T00:00:00.0000000,2019-07-15T18:11:10.7062061Z,1,2019-07-15T18:11:10.6700000Z,WeatherStation,06319a2e,A6CB6E96D21725FC,30.39999962,1017.86499,42.70000076,48.59999466,310,CWF-MX-001
2019-07-15T00:00:00.0000000,2019-07-15T18:11:20.8395522Z,1,2019-07-15T18:11:20.7900000Z,WeatherStation,06319a2e,5A62BC3F127E100F,30.39999962,1017.868896,42.29999924,48.59999466,308,CWF-MX-001
2019-07-15T00:00:00.0000000,2019-07-15T18:11:31.0342285Z,1,2019-07-15T18:11:30.9070000Z,WeatherStation,06319a2e,9E6861DC7DEB7DA3,30.39999962,1017.897705,42.20000076,47.39999008,312,CWF-MX-001
2019-07-15T00:00:00.0000000,2019-07-15T18:11:41.0737200Z,1,2019-07-15T18:11:41.0500000Z,WeatherStation,06319a2e,03C1DCD62DFA89A3,30.39999962,1017.873291,42.40000153,47.39999008,311,CWF-MX-001
2019-07-15T00:00:00.0000000,2019-07-15T18:11:51.2249867Z,1,2019-07-15T18:11:51.1760000Z,WeatherStation,06319a2e,86E97D27D79C4F57,30.39999962,1017.884766,42.09999847,47.39999008,310,CWF-MX-001
2019-07-15T00:00:00.0000000,2019-07-15T18:12:01.3939159Z,1,2019-07-15T18:12:01.3040000Z,WeatherStation,06319a2e,86E97D27D79C4F57,30.39999962,1017.900635,42.09999847,47.39999008,310,CWF-MX-001
2019-07-15T00:00:00.0000000,2019-07-15T18:12:11.4720117Z,1,2019-07-15T18:12:11.4150000Z,WeatherStation,06319a2e,86E97D27D79C4F57,30.39999962,1017.910889,41.90000153,47.39999008,310,CWF-MX-001
2019-07-15T00:00:00.0000000,2019-07-15T18:12:21.6648531Z,1,2019-07-15T18:12:21.5420000Z,WeatherStation,06319a2e,005BF2DC414E9960,30.29999924,1017.876465,41.79999924,47.39999008,311,CWF-MX-001
2019-07-15T00:00:00.0000000,2019-07-15T18:12:31.7436885Z,1,2019-07-15T18:12:31.6680000Z,WeatherStation,06319a2e,A63EE149AF088F4D,30.39999962,1017.901855,42.40000153,45.59998322,310,CWF-MX-001
2019-07-15T00:00:00.0000000,2019-07-15T18:12:41.8264787Z,1,2019-07-15T18:12:41.8100000Z,WeatherStation,06319a2e,8C0BB53A9FFC2CE9,30.29999924,1017.887451,42.20000076,45.59998322,311,CWF-MX-001
2019-07-15T00:00:00.0000000,2019-07-15T18:12:52.0165549Z,1,2019-07-15T18:12:51.9390000Z,WeatherStation,06319a2e,EB89FCB420499497,30.39999962,1017.871094,42.09999847,44.99998093,313,CWF-MX-001
2019-07-15T00:00:00.0000000,2019-07-15T18:13:02.1066109Z,1,2019-07-15T18:13:02.0500000Z,WeatherStation,06319a2e,ACE6A5DBDA880E16,30.60000038,1017.886719,43.09999847,43.39997482,311,CWF-MX-001
2019-07-15T00:00:00.0000000,2019-07-15T18:13:12.2984918Z,1,2019-07-15T18:13:12.1780000Z,WeatherStation,06319a2e,3C3840A5FF3C2B88,30.70000076,1017.916748,42.59999847,41.99996948,312,CWF-MX-001
2019-07-15T00:00:00.0000000,2019-07-15T18:13:22.3966818Z,1,2019-07-15T18:13:22.3050000Z,WeatherStation,06319a2e,29B86B0DB24CF1D0,30.79999924,1017.861816,42.79999924,41.19996643,310,CWF-MX-001
2019-07-15T00:00:00.0000000,2019-07-15T18:13:32.5669775Z,1,2019-07-15T18:13:32.4360000Z,WeatherStation,06319a2e,E900B7318BF3DC1E,30.70000076,1017.952881,42.5,39.99996185,311,CWF-MX-001
2019-07-15T00:00:00.0000000,2019-07-15T18:13:42.6601598Z,1,2019-07-15T18:13:42.5700000Z,WeatherStation,06319a2e,3A3A33691C1122D2,30.79999924,1017.909668,43.20000076,38.59995651,311,CWF-MX-001
2019-07-15T00:00:00.0000000,2019-07-15T18:13:52.7559557Z,1,2019-07-15T18:13:52.6950000Z,WeatherStation,06319a2e,3661BEE67FDFE140,30.89999962,1017.909424,43,38.59995651,310,CWF-MX-001
2019-07-15T00:00:00.0000000,2019-07-15T18:14:02.9409571Z,1,2019-07-15T18:14:02.8260000Z,WeatherStation,06319a2e,F58D2EC0777C6E38,31,1017.923096,42.79999924,38.59995651,310,CWF-MX-001
2019-07-15T00:00:00.0000000,2019-07-15T18:14:13.2441568Z,1,2019-07-15T18:14:12.9520000Z,WeatherStation,06319a2e,DCDA38D2FC855F15,31.10000038,1017.930908,43.09999847,38.59995651,310,CWF-MX-001
2019-07-15T00:00:00.0000000,2019-07-15T18:14:23.4562469Z,1,2019-07-15T18:14:23.2730000Z,WeatherStation,06319a2e,103BFA786980349F,31.10000038,1017.85498,43.20000076,38.39995575,309,CWF-MX-001
2019-07-15T00:00:00.0000000,2019-07-15T18:14:33.4473532Z,1,2019-07-15T18:14:33.3990000Z,WeatherStation,06319a2e,F1CA9D23730236D8,31.20000076,1017.903076,43,33.99993896,312,CWF-MX-001
2019-07-15T00:00:00.0000000,2019-07-15T18:14:43.7541743Z,1,2019-07-15T18:14:43.5250000Z,WeatherStation,06319a2e,F4F5CF7B38E76F57,31.20000076,1017.898193,42.5,33.99993896,311,CWF-MX-001
2019-07-15T00:00:00.0000000,2019-07-15T18:14:53.8355496Z,1,2019-07-15T18:14:53.7490000Z,WeatherStation,06319a2e,2B28599E90D43821,31.20000076,1017.879639,42.40000153,33.99993896,310,CWF-MX-001
2019-07-15T00:00:00.0000000,2019-07-15T18:15:03.9492144Z,1,2019-07-15T18:15:03.8750000Z,WeatherStation,06319a2e,493AF547B8798260,31.29999924,1017.887695,42.29999924,30.59992599,311,CWF-MX-001
2019-07-15T00:00:00.0000000,2019-07-15T18:15:14.1353455Z,1,2019-07-15T18:15:14.0020000Z,WeatherStation,06319a2e,404F7FB4C2E3DE16,31.29999924,1017.901367,42.20000076,28.3999176,312,CWF-MX-001
2019-07-15T00:00:00.0000000,2019-07-15T18:15:26.6226093Z,1,2019-07-15T18:15:24.1310000Z,WeatherStation,06319a2e,E04C1F07FE5240CA,31.29999924,1017.878418,42.5,18.59988022,311,CWF-MX-001
2019-07-15T00:00:00.0000000,2019-07-15T18:15:36.8126176Z,1,2019-07-15T18:15:36.6940000Z,WeatherStation,06319a2e,1BBFC471F020CC95,31.20000076,1017.92334,41.70000076,18.59988022,310,CWF-MX-001
2019-07-15T00:00:00.0000000,2019-07-15T18:15:56.9547081Z,1,2019-07-15T18:15:56.8830000Z,WeatherStation,06319a2e,C687FE25266AD214,31,1017.88501,41.70000076,18.59988022,309,CWF-MX-001
2019-07-15T00:00:00.0000000,2019-07-15T18:16:17.2336570Z,1,2019-07-15T18:16:17.0870000Z,WeatherStation,06319a2e,62CC81699896E8D6,31,1017.830078,43.20000076,19.39988327,309,CWF-MX-001
2019-07-15T00:00:00.0000000,2019-07-15T18:16:37.4137958Z,1,2019-07-15T18:16:37.2940000Z,WeatherStation,06319a2e,2DDFD23F3B265B7A,30.79999924,1017.940186,42.20000076,19.39988327,311,CWF-MX-001
2019-07-15T00:00:00.0000000,2019-07-15T18:16:57.5218552Z,1,2019-07-15T18:16:57.4860000Z,WeatherStation,06319a2e,EB3B1110903EAC96,30.79999924,1017.916748,41.79999924,19.39988327,312,CWF-MX-001
2019-07-15T00:00:00.0000000,2019-07-15T18:17:17.7088538Z,1,2019-07-15T18:17:17.6760000Z,WeatherStation,06319a2e,A424164BDC63BEC3,30.70000076,1017.927979,41.59999847,19.39988327,310,CWF-MX-001
2019-07-15T00:00:00.0000000,2019-07-15T18:17:37.9488465Z,1,2019-07-15T18:17:37.8830000Z,WeatherStation,06319a2e,FB8AC23E8BA45D6C,30.60000038,1017.928467,41.79999924,19.39988327,310,CWF-MX-001
2019-07-15T00:00:00.0000000,2019-07-15T18:17:58.2003001Z,1,2019-07-15T18:17:58.0780000Z,WeatherStation,06319a2e,64698582804F5F7E,30.60000038,1017.928223,42.59999847,21.3998909,309,CWF-MX-001
2019-07-15T00:00:00.0000000,2019-07-15T18:18:18.3707245Z,1,2019-07-15T18:18:18.2730000Z,WeatherStation,06319a2e,6B8A4D21ABF12110,30.89999962,1017.986572,45.29999924,22.999897,310,CWF-MX-001
2019-07-15T00:00:00.0000000,2019-07-15T18:18:28.4677706Z,1,2019-07-15T18:18:28.4010000Z,WeatherStation,06319a2e,BAEC62459CA20392,31,1017.919922,46.5,22.999897,310,CWF-MX-001
2019-07-15T00:00:00.0000000,2019-07-15T18:18:38.6674344Z,1,2019-07-15T18:18:38.5430000Z,WeatherStation,06319a2e,201B89370BA389C0,31.10000038,1017.985352,47.20000076,24.99990463,310,CWF-MX-001
2019-07-15T00:00:00.0000000,2019-07-15T18:18:48.7617942Z,1,2019-07-15T18:18:48.6540000Z,WeatherStation,06319a2e,5A967029BC0A85B9,31.20000076,1017.972412,46.09999847,27.39991379,309,CWF-MX-001
2019-07-15T00:00:00.0000000,2019-07-15T18:18:58.8865138Z,1,2019-07-15T18:18:58.7830000Z,WeatherStation,06319a2e,6BDA6276C231C8C3,31.20000076,1017.965576,45.40000153,29.99992371,310,CWF-MX-001
2019-07-15T00:00:00.0000000,2019-07-15T18:19:09.0020261Z,1,2019-07-15T18:19:08.9110000Z,WeatherStation,06319a2e,EFFE922051C88AAC,31.20000076,1017.966309,44.29999924,31.79993057,310,CWF-MX-001
2019-07-15T00:00:00.0000000,2019-07-15T18:19:19.0671472Z,1,2019-07-15T18:19:19.0360000Z,WeatherStation,06319a2e,D769B2EE889744D1,31.20000076,1017.939453,44,31.79993057,309,CWF-MX-001
2019-07-15T00:00:00.0000000,2019-07-15T18:19:29.2758838Z,1,2019-07-15T18:19:29.2430000Z,WeatherStation,06319a2e,3264575C61F248C7,31.20000076,1017.97583,43.09999847,39.59996033,308,CWF-MX-001
2019-07-15T00:00:00.0000000,2019-07-15T18:19:39.4864312Z,1,2019-07-15T18:19:39.4040000Z,WeatherStation,06319a2e,7E1433AA7D39D73E,31.10000038,1017.977051,43.79999924,47.79999161,311,CWF-MX-001
2019-07-15T00:00:00.0000000,2019-07-15T18:19:49.6209109Z,1,2019-07-15T18:19:49.5140000Z,WeatherStation,06319a2e,74AA511CD965469E,31,1017.962891,43,48.19999313,308,CWF-MX-001
2019-07-15T00:00:00.0000000,2019-07-15T18:19:59.7022301Z,1,2019-07-15T18:19:59.6410000Z,WeatherStation,06319a2e,1589BC554024FC83,31,1018.001709,43.20000076,50,309,CWF-MX-001
2019-07-15T00:00:00.0000000,2019-07-15T18:20:09.9128609Z,1,2019-07-15T18:20:09.7790000Z,WeatherStation,06319a2e,75A7C24A61EE1127,30.89999962,1017.950439,42.5,50,310,CWF-MX-001
2019-07-15T00:00:00.0000000,2019-07-15T18:20:20.0138416Z,1,2019-07-15T18:20:19.8950000Z,WeatherStation,06319a2e,1274C10A743613FE,30.89999962,1017.983643,43.09999847,49.59999847,310,CWF-MX-001
2019-07-15T00:00:00.0000000,2019-07-15T18:20:30.1065721Z,1,2019-07-15T18:20:30.0240000Z,WeatherStation,06319a2e,A40732B8AB12D07A,31,1017.937744,43.90000153,49.59999847,310,CWF-MX-001
2019-07-15T00:00:00.0000000,2019-07-15T18:20:40.2994386Z,1,2019-07-15T18:20:40.1500000Z,WeatherStation,06319a2e,03F4AE48837872DA,31.10000038,1017.977295,45.09999847,50,312,CWF-MX-001
2019-07-15T00:00:00.0000000,2019-07-15T18:20:50.3718370Z,1,2019-07-15T18:20:50.2790000Z,WeatherStation,06319a2e,944960F311CB48D5,31.10000038,1017.953125,45.29999924,39.99996185,311,CWF-MX-001
2019-07-15T00:00:00.0000000,2019-07-15T18:21:00.5487506Z,1,2019-07-15T18:21:00.4070000Z,WeatherStation,06319a2e,B6043B48C04890B0,31.29999924,1017.951172,45.29999924,37.19995117,313,CWF-MX-001
2019-07-15T00:00:00.0000000,2019-07-15T18:21:10.6233751Z,1,2019-07-15T18:21:10.5660000Z,WeatherStation,06319a2e,98B6541C0FEB84B7,31.29999924,1017.933838,43.79999924,29.39992142,311,CWF-MX-001
2019-07-15T00:00:00.0000000,2019-07-15T18:21:20.7117265Z,1,2019-07-15T18:21:20.6500000Z,WeatherStation,06319a2e,A6168A75A94F5130,31.20000076,1017.972656,43,28.19991684,315,CWF-MX-001
2019-07-15T00:00:00.0000000,2019-07-15T18:21:30.8936277Z,1,2019-07-15T18:21:30.7780000Z,WeatherStation,06319a2e,BE5F75A0096EE5FF,31.10000038,1017.969971,42.20000076,22.999897,311,CWF-MX-001
2019-07-15T00:00:00.0000000,2019-07-15T18:21:40.9790464Z,1,2019-07-15T18:21:40.9110000Z,WeatherStation,06319a2e,BAEC62459CA20392,31,1017.988281,42,22.999897,310,CWF-MX-001
2019-07-15T00:00:00.0000000,2019-07-15T18:21:51.1449516Z,1,2019-07-15T18:21:51.0470000Z,WeatherStation,06319a2e,8B4E1C20ECABD0E2,31.10000038,1017.952148,44,20.19988632,312,CWF-MX-001
2019-07-15T00:00:00.0000000,2019-07-15T18:22:01.4334300Z,1,2019-07-15T18:22:01.1760000Z,WeatherStation,06319a2e,5A533C8A8384B57E,31.20000076,1018.020264,45.40000153,17.19987488,311,CWF-MX-001
2019-07-15T00:00:00.0000000,2019-07-15T18:22:11.5988511Z,1,2019-07-15T18:22:11.4910000Z,WeatherStation,06319a2e,8C95A168963CF6B0,31.29999924,1017.971436,44.90000153,14.7998724,311,CWF-MX-001
2019-07-15T00:00:00.0000000,2019-07-15T18:22:31.7871819Z,1,2019-07-15T18:22:31.7020000Z,WeatherStation,06319a2e,4B0F001BCCA42CA8,31.39999962,1017.989502,44.70000076,9.199877739,312,CWF-MX-001
2019-07-15T00:00:00.0000000,2019-07-15T18:23:02.1334871Z,1,2019-07-15T18:23:02.0640000Z,WeatherStation,06319a2e,DC81CB1259976B08,31.5,1017.944092,42.29999924,0,311,CWF-MX-001
2019-07-15T00:00:00.0000000,2019-07-15T18:23:32.2744193Z,1,2019-07-15T18:23:32.1770000Z,WeatherStation,06319a2e,0EFAFB60973A52C9,31.60000038,1017.966309,43.90000153,12.59999275,310,CWF-MX-001
2019-07-15T00:00:00.0000000,2019-07-15T18:24:02.4262522Z,1,2019-07-15T18:24:02.2910000Z,WeatherStation,06319a2e,37076144BA577E8B,31.60000038,1018.026123,42.79999924,13.99999142,310,CWF-MX-001
2019-07-15T00:00:00.0000000,2019-07-15T18:24:32.5029678Z,1,2019-07-15T18:24:32.4050000Z,WeatherStation,06319a2e,3291E14A5B45ED74,31.60000038,1017.946777,43.09999847,14.79999065,310,CWF-MX-001
2019-07-15T00:00:00.0000000,2019-07-15T18:25:02.6554100Z,1,2019-07-15T18:25:02.5230000Z,WeatherStation,06319a2e,34A6583A02E32802,31.60000038,1017.955566,44.5,16.99999237,311,CWF-MX-001
2019-07-15T00:00:00.0000000,2019-07-15T18:25:32.7408052Z,1,2019-07-15T18:25:32.6370000Z,WeatherStation,06319a2e,FF05B02398149D2C,31.39999962,1017.916504,42.70000076,21.20000839,311,CWF-MX-001
2019-07-15T00:00:00.0000000,2019-07-15T18:25:52.9508516Z,1,2019-07-15T18:25:52.8440000Z,WeatherStation,06319a2e,AAEC5105C33B71B4,31.20000076,1017.958008,41.59999847,21.20000839,311,CWF-MX-001
2019-07-15T00:00:00.0000000,2019-07-15T18:26:03.0531169Z,1,2019-07-15T18:26:02.9710000Z,WeatherStation,06319a2e,283AC5F91E002323,31.20000076,1017.951172,41.40000153,21.20000839,310,CWF-MX-001
2019-07-15T00:00:00.0000000,2019-07-15T18:26:13.1450557Z,1,2019-07-15T18:26:13.0820000Z,WeatherStation,06319a2e,0B7AD85FDF5FAD0A,31.10000038,1017.885742,41.40000153,21.20000839,309,CWF-MX-001
2019-07-15T00:00:00.0000000,2019-07-15T18:26:23.2441939Z,1,2019-07-15T18:26:23.2090000Z,WeatherStation,06319a2e,68FB1C581365208B,31,1017.922852,41.29999924,21.20000839,311,CWF-MX-001
2019-07-15T00:00:00.0000000,2019-07-15T18:26:33.4486146Z,1,2019-07-15T18:26:33.3510000Z,WeatherStation,06319a2e,D3D2052324FC9C02,31.10000038,1017.952637,41.90000153,16.39999008,313,CWF-MX-001
2019-07-15T00:00:00.0000000,2019-07-15T18:26:43.5598676Z,1,2019-07-15T18:26:43.4780000Z,WeatherStation,06319a2e,8FF4FB20FA8B5417,31.20000076,1017.954102,43.59999847,15.39999008,311,CWF-MX-001
2019-07-15T00:00:00.0000000,2019-07-15T18:27:03.7304036Z,1,2019-07-15T18:27:03.6790000Z,WeatherStation,06319a2e,C3E896447A108F34,31.20000076,1017.948486,43.20000076,8.799996376,310,CWF-MX-001
2019-07-15T00:00:00.0000000,2019-07-15T18:27:23.9200056Z,1,2019-07-15T18:27:23.8690000Z,WeatherStation,06319a2e,9425AF49A3AB0236,31.10000038,1017.92627,41.90000153,8.799996376,310,CWF-MX-001
2019-07-15T00:00:00.0000000,2019-07-15T18:27:54.0613383Z,1,2019-07-15T18:27:53.9860000Z,WeatherStation,06319a2e,89C290F2F6D3A163,31,1017.945313,41.5,8.799996376,309,CWF-MX-001
2019-07-15T00:00:00.0000000,2019-07-15T18:28:24.2105538Z,1,2019-07-15T18:28:24.1020000Z,WeatherStation,06319a2e,6C03F5C6BFA60A07,30.89999962,1017.93335,41.70000076,8.799996376,309,CWF-MX-001
2019-07-15T00:00:00.0000000,2019-07-15T18:28:54.2802050Z,1,2019-07-15T18:28:54.2210000Z,WeatherStation,06319a2e,8B60094A22D0191C,30.79999924,1017.916504,41.70000076,8.799996376,310,CWF-MX-001
2019-07-15T00:00:00.0000000,2019-07-15T18:29:24.4147701Z,1,2019-07-15T18:29:24.3240000Z,WeatherStation,06319a2e,DC17B1E74024084A,30.70000076,1017.909912,41.70000076,8.799996376,310,CWF-MX-001
2019-07-15T00:00:00.0000000,2019-07-15T18:29:54.5630296Z,1,2019-07-15T18:29:54.4380000Z,WeatherStation,06319a2e,9A058C1B1559F6D2,30.79999924,1017.936279,41.79999924,8.799996376,309,CWF-MX-001
2019-07-15T00:00:00.0000000,2019-07-15T18:30:24.5848850Z,1,2019-07-15T18:30:24.5550000Z,WeatherStation,06319a2e,D2B0D55C2E3402E7,30.70000076,1017.873047,41.79999924,8.799996376,311,CWF-MX-001
2019-07-15T00:00:00.0000000,2019-07-15T18:30:54.7312520Z,1,2019-07-15T18:30:54.6730000Z,WeatherStation,06319a2e,C8F9D76393F5D7C1,30.60000038,1017.88916,42.5,9.599995613,309,CWF-MX-001
2019-07-15T00:00:00.0000000,2019-07-15T18:31:24.8429261Z,1,2019-07-15T18:31:24.7750000Z,WeatherStation,06319a2e,01FAC9FFB52A4649,30.79999924,1017.8479,43.29999924,11.79999352,309,CWF-MX-001
2019-07-15T00:00:00.0000000,2019-07-15T18:31:54.9883229Z,1,2019-07-15T18:31:54.9050000Z,WeatherStation,06319a2e,71023D8B1AE8AAD3,30.79999924,1017.928711,43.20000076,15.19999027,309,CWF-MX-001
2019-07-15T00:00:00.0000000,2019-07-15T18:32:25.0704179Z,1,2019-07-15T18:32:25.0110000Z,WeatherStation,06319a2e,AE0AE8BA27F79A8A,30.79999924,1017.887451,42.5,17.19999313,310,CWF-MX-001
2019-07-15T00:00:00.0000000,2019-07-15T18:32:45.2714407Z,1,2019-07-15T18:32:45.2030000Z,WeatherStation,06319a2e,3671B19F196921FE,30.79999924,1017.925293,41.79999924,17.19999313,312,CWF-MX-001
2019-07-15T00:00:00.0000000,2019-07-15T18:33:05.4392098Z,1,2019-07-15T18:33:05.4090000Z,WeatherStation,06319a2e,2AD2B6C3A8103044,30.79999924,1017.95459,41.90000153,17.19999313,311,CWF-MX-001
2019-07-15T00:00:00.0000000,2019-07-15T18:33:25.6362168Z,1,2019-07-15T18:33:25.6010000Z,WeatherStation,06319a2e,A22E6838C7F51E5E,30.70000076,1017.888184,41.59999847,17.19999313,311,CWF-MX-001
2019-07-15T00:00:00.0000000,2019-07-15T18:33:45.9164978Z,1,2019-07-15T18:33:45.8010000Z,WeatherStation,06319a2e,AE0AE8BA27F79A8A,30.79999924,1017.913086,42,17.19999313,310,CWF-MX-001
2019-07-15T00:00:00.0000000,2019-07-15T18:34:06.0814201Z,1,2019-07-15T18:34:05.9910000Z,WeatherStation,06319a2e,A22E6838C7F51E5E,30.70000076,1017.902588,41.90000153,17.19999313,311,CWF-MX-001
2019-07-15T00:00:00.0000000,2019-07-15T18:34:26.2301170Z,1,2019-07-15T18:34:26.1890000Z,WeatherStation,06319a2e,A22E6838C7F51E5E,30.70000076,1017.92041,42,17.19999313,311,CWF-MX-001
2019-07-15T00:00:00.0000000,2019-07-15T18:34:46.4935230Z,1,2019-07-15T18:34:46.3820000Z,WeatherStation,06319a2e,7521BEED199BB9AB,30.79999924,1017.904785,43,19,313,CWF-MX-001
2019-07-15T00:00:00.0000000,2019-07-15T18:35:06.6584606Z,1,2019-07-15T18:35:06.5910000Z,WeatherStation,06319a2e,512824BB5D8311F5,30.70000076,1017.855957,42,19,312,CWF-MX-001
2019-07-15T00:00:00.0000000,2019-07-15T18:35:26.8855564Z,1,2019-07-15T18:35:26.7740000Z,WeatherStation,06319a2e,512824BB5D8311F5,30.70000076,1017.90918,42,19,312,CWF-MX-001
2019-07-15T00:00:00.0000000,2019-07-15T18:35:47.0957439Z,1,2019-07-15T18:35:46.9820000Z,WeatherStation,06319a2e,714B2CCC0F812663,30.70000076,1017.872314,42.20000076,21.40000916,311,CWF-MX-001
2019-07-15T00:00:00.0000000,2019-07-15T18:36:07.2051203Z,1,2019-07-15T18:36:07.1720000Z,WeatherStation,06319a2e,714B2CCC0F812663,30.70000076,1017.885498,42,21.40000916,311,CWF-MX-001
2019-07-15T00:00:00.0000000,2019-07-15T18:36:17.3934225Z,1,2019-07-15T18:36:17.3130000Z,WeatherStation,06319a2e,8EA61FF8CD514EFC,30.70000076,1017.896973,41.79999924,21.40000916,312,CWF-MX-001
2019-07-15T00:00:00.0000000,2019-07-15T18:36:27.5415871Z,1,2019-07-15T18:36:27.4270000Z,WeatherStation,06319a2e,0C95F507F8BD85BF,30.70000076,1017.947266,42,21.40000916,313,CWF-MX-001
2019-07-15T00:00:00.0000000,2019-07-15T18:36:37.6875398Z,1,2019-07-15T18:36:37.5710000Z,WeatherStation,06319a2e,5D3E3E599F3091CE,30.89999962,1017.894287,44.09999847,23.40001678,310,CWF-MX-001
2019-07-15T00:00:00.0000000,2019-07-15T18:36:47.7564153Z,1,2019-07-15T18:36:47.6830000Z,WeatherStation,06319a2e,5DBB4498DA5AB266,30.79999924,1017.937988,44.40000153,23.40001678,311,CWF-MX-001
2019-07-15T00:00:00.0000000,2019-07-15T18:36:57.9350178Z,1,2019-07-15T18:36:57.8110000Z,WeatherStation,06319a2e,AFC1CFE6AF6290B5,30.89999962,1017.873047,44.40000153,25.00002289,310,CWF-MX-001
2019-07-15T00:00:00.0000000,2019-07-15T18:37:08.0236901Z,1,2019-07-15T18:37:07.9530000Z,WeatherStation,06319a2e,970ED1F96B4D18E0,30.89999962,1017.906006,43.29999924,25.00002289,312,CWF-MX-001
2019-07-15T00:00:00.0000000,2019-07-15T18:37:18.2109896Z,1,2019-07-15T18:37:18.0660000Z,WeatherStation,06319a2e,787E10048697C335,30.79999924,1017.931152,42.79999924,25.00002289,313,CWF-MX-001
2019-07-15T00:00:00.0000000,2019-07-15T18:37:28.3748038Z,1,2019-07-15T18:37:28.2300000Z,WeatherStation,06319a2e,D80413E79C6A4CA5,31,1017.921875,43.59999847,22.00001144,313,CWF-MX-001
2019-07-15T00:00:00.0000000,2019-07-15T18:37:38.4498289Z,1,2019-07-15T18:37:38.4180000Z,WeatherStation,06319a2e,6F4E230579FD3A02,31,1017.916992,43.90000153,22.00001144,312,CWF-MX-001
2019-07-15T00:00:00.0000000,2019-07-15T18:37:48.6363622Z,1,2019-07-15T18:37:48.5610000Z,WeatherStation,06319a2e,ECBD67FDD60C3D3D,31.10000038,1017.949219,44.5,23.40001678,312,CWF-MX-001
2019-07-15T00:00:00.0000000,2019-07-15T18:37:58.8164604Z,1,2019-07-15T18:37:58.6730000Z,WeatherStation,06319a2e,5A86159406EAFF65,31.10000038,1017.895752,44.70000076,22.40001297,311,CWF-MX-001
2019-07-15T00:00:00.0000000,2019-07-15T18:38:08.8939207Z,1,2019-07-15T18:38:08.8140000Z,WeatherStation,06319a2e,5057C57152E1AF04,31.29999924,1017.924561,44.90000153,24.60002136,313,CWF-MX-001
2019-07-15T00:00:00.0000000,2019-07-15T18:38:18.9797105Z,1,2019-07-15T18:38:18.9390000Z,WeatherStation,06319a2e,AFA5F0964D79DF39,31.29999924,1017.932373,45.29999924,23.40001678,311,CWF-MX-001
2019-07-15T00:00:00.0000000,2019-07-15T18:38:29.1642973Z,1,2019-07-15T18:38:29.0670000Z,WeatherStation,06319a2e,9261D08B4A881C15,31.29999924,1017.943359,45.09999847,25.20002365,313,CWF-MX-001
2019-07-15T00:00:00.0000000,2019-07-15T18:38:39.4407083Z,1,2019-07-15T18:38:39.3970000Z,WeatherStation,06319a2e,CB72AF8FCE6457CF,31.39999962,1017.888672,44.79999924,25.20002365,313,CWF-MX-001
2019-07-15T00:00:00.0000000,2019-07-15T18:38:49.6403732Z,1,2019-07-15T18:38:49.5400000Z,WeatherStation,06319a2e,4569C24F9E9A206F,31.39999962,1017.911377,44.59999847,24.20001984,309,CWF-MX-001
2019-07-15T00:00:00.0000000,2019-07-15T18:38:59.8070026Z,1,2019-07-15T18:38:59.7440000Z,WeatherStation,06319a2e,09B9994ADC62D9E6,31.39999962,1017.944824,46.20000076,24.20001984,290,CWF-MX-001
2019-07-15T00:00:00.0000000,2019-07-15T18:39:09.9700528Z,1,2019-07-15T18:39:09.8710000Z,WeatherStation,06319a2e,1919092045070FB3,31.29999924,1017.818848,47,24.20001984,227,CWF-MX-001
2019-07-15T00:00:00.0000000,2019-07-15T18:39:20.0408017Z,1,2019-07-15T18:39:19.9990000Z,WeatherStation,06319a2e,F2FC274EFF498747,31.20000076,1017.872559,45.70000076,24.20001984,196,CWF-MX-001
2019-07-15T00:00:00.0000000,2019-07-15T18:39:30.2238145Z,1,2019-07-15T18:39:30.1560000Z,WeatherStation,06319a2e,C154C3BC74AE4D72,31,1017.899658,45.40000153,24.20001984,141,CWF-MX-001
2019-07-15T00:00:00.0000000,2019-07-15T18:39:40.2953344Z,1,2019-07-15T18:39:40.2530000Z,WeatherStation,06319a2e,F0B583813A8797A6,30.89999962,1017.914307,45.40000153,24.20001984,319,CWF-MX-001
2019-07-15T00:00:00.0000000,2019-07-15T18:39:50.4925023Z,1,2019-07-15T18:39:50.3790000Z,WeatherStation,06319a2e,1524CC801EEEF41E,30.79999924,1017.896484,44.09999847,17.99999619,324,CWF-MX-001
2019-07-15T00:00:00.0000000,2019-07-15T18:40:00.5729816Z,1,2019-07-15T18:40:00.5050000Z,WeatherStation,06319a2e,E1454EAC1EEF6ADD,30.70000076,1017.874023,43.5,17.99999619,320,CWF-MX-001
2019-07-15T00:00:00.0000000,2019-07-15T18:40:20.8155210Z,1,2019-07-15T18:40:20.7020000Z,WeatherStation,06319a2e,580DD55C67EBA3EE,30.79999924,1017.936279,42.90000153,13.5999918,323,CWF-MX-001
2019-07-15T00:00:00.0000000,2019-07-15T18:40:40.9732291Z,1,2019-07-15T18:40:40.9080000Z,WeatherStation,06319a2e,EC4D399428418274,30.79999924,1017.897705,42.40000153,8.599996567,323,CWF-MX-001
2019-07-15T00:00:00.0000000,2019-07-15T18:41:11.2276024Z,1,2019-07-15T18:41:11.1670000Z,WeatherStation,06319a2e,A2530CF72971E744,30.60000038,1017.911377,42.20000076,0,320,CWF-MX-001
2019-07-15T00:00:00.0000000,2019-07-15T18:41:41.4111566Z,1,2019-07-15T18:41:41.2920000Z,WeatherStation,06319a2e,68B81082B9B5587F,30.60000038,1017.880371,43.29999924,5.79999876,320,CWF-MX-001
2019-07-15T00:00:00.0000000,2019-07-15T18:42:11.5289260Z,1,2019-07-15T18:42:11.3940000Z,WeatherStation,06319a2e,0E57393D5FE2A812,30.70000076,1017.844238,43,10.79999447,319,CWF-MX-001
2019-07-15T00:00:00.0000000,2019-07-15T18:42:41.5572565Z,1,2019-07-15T18:42:41.5120000Z,WeatherStation,06319a2e,249008CCDC014349,30.70000076,1017.925781,42.40000153,9.999995232,320,CWF-MX-001
2019-07-15T00:00:00.0000000,2019-07-15T18:43:11.7639008Z,1,2019-07-15T18:43:11.6170000Z,WeatherStation,06319a2e,7D1DB5272AB084AD,30.5,1017.917236,42.40000153,9.999995232,320,CWF-MX-001
2019-07-15T00:00:00.0000000,2019-07-15T18:43:41.8826688Z,1,2019-07-15T18:43:41.7370000Z,WeatherStation,06319a2e,7D1DB5272AB084AD,30.5,1017.922607,42.59999847,9.999995232,320,CWF-MX-001
