{
    "$schema": "https://schema.management.azure.com/schemas/2015-01-01/deploymentParameters.json#",
    "contentVersion": "1.0.0.0",
    "parameters": {
        "accounts_iotdla06319a2e_defaultDataLakeStoreAccount": {
            "value": null
        },
        "accounts_iotdla06319a2e_dataLakeStoreAccounts": {
            "value": null
        },
        "serverfarms_WestUS2Plan_name": {
            "value": null
        },
        "sites_iot_func_06319a2e_name": {
            "value": null
        },
        "IotHubs_iot_hub_06319a2e_name": {
            "value": null
        },
        "accounts_iotdls06319a2e_name": {
            "value": null
        },
        "components_iot_func_06319a2e_name": {
            "value": null
        },
        "storageAccounts_iotblob06319a2e_name": {
            "value": null
        },
        "accounts_iotdla06319a2e_name": {
            "value": null
        },
        "provisioningServices_iot_dps_06319a2e_name": {
            "value": null
        },
        "streamingjobs_iot_asa_06319a2e_name": {
            "value": null
        },
        "actionGroups_Application%20Insights%20Smart%20Detection_name": {
            "value": null
        }
    }
}