{
    "$schema": "https://schema.management.azure.com/schemas/2015-01-01/deploymentParameters.json#",
    "contentVersion": "1.0.0.0",
    "parameters": {
        "IotHubs_iot_hub_06319a2e_name": {
            "value": null
        },
        "streamingjobs_iot_asa_06319a2e_name": {
            "value": null
        },
        "databaseAccounts_iot_cosmos_06319a2e_name": {
            "value": null
        },
        "environments_iot_tsi_06319a2e_name": {
            "value": null
        }
    }
}